{
    "goblin 1": {
        "Position": {
            "x": 0.0,
            "y": 0.0,
            "z": 0.0
        },
        "Rotation": {
            "w": 0.24377158284187317,
            "x": 0.0,
            "y": -0.9687283039093018,
            "z": 0.0
        },
        "Scale": {
            "x": 2.0,
            "y": 2.0,
            "z": 2.0
        },
        "key": "goblin 1"
    },
    "goblin 2": {
        "Position": {
            "x": 0.0,
            "y": 0.5,
            "z": 0.25
        },
        "Rotation": {
            "w": 0.3618333637714386,
            "x": 0,
            "y": -1.0139039754867554,
            "z": 0
        },
        "Scale": {
            "x": 1.0,
            "y": 1.0,
            "z": 1.0
        },
        "key": "goblin 2"
    },
    "player": {
        "Position": {
            "x": 0.3025830388069153,
            "y": 0.0,
            "z": 0.4716218113899231
        },
        "Rotation": {
            "w": 0.9484491348266602,
            "x": 0.0,
            "y": -0.3169271647930145,
            "z": 0.0
        },
        "Scale": {
            "x": 1.0,
            "y": 1.0,
            "z": 1.0
        },
        "key": "player"
    }
}
