{
    "goblin 1": {
        "Position": {
            "x": 0.0,
            "y": 0.0,
            "z": 0.0
        },
        "Rotation": {
            "w": 0.8191520571708679,
            "x": 0.0,
            "y": 0.5735764503479004,
            "z": 0.0
        },
        "Scale": {
            "x": 2.0,
            "y": 2.0,
            "z": 2.0
        },
        "key": "goblin 1"
    },
    "goblin 2": {
        "Position": {
            "x": 2.0,
            "y": 0.0,
            "z": 0.0
        },
        "Rotation": {
            "w": 0.8191520571708679,
            "x": 0.0,
            "y": 0.5735764503479004,
            "z": 0.0
        },
        "Scale": {
            "x": 1.0,
            "y": 1.0,
            "z": 4.0
        },
        "key": "goblin 2"
    },
    "player": {
        "Position": {
            "x": 0.3486044704914093,
            "y": 0.0,
            "z": 3.1596479415893555
        },
        "Rotation": {
            "w": 0.9984909296035767,
            "x": 0.0,
            "y": -0.05491520091891289,
            "z": 0.0
        },
        "Scale": {
            "x": 1.0,
            "y": 1.0,
            "z": 1.0
        },
        "key": "player"
    }
}
